ip,anonymityLevel,asn,country,isp,latency,org,port,protocols,responseTime,speed,updated_at,upTime,upTimeSuccessCount,upTimeTryCount
"185.47.48.109","elite","AS48359","IR","Hesabgar Pardaz Gharb PJSC","102","Hesabgar T","1025","socks4","989","1","2024-05-23T05:51:34.591Z","97","6860","7056"
"150.158.135.201","elite","AS45090","CN","Shenzhen Tencent Computer Systems Company Limited","195","Tencent Cloud Computing (Beijing) Co., Ltd","24289","socks5","1615","85","2024-05-23T05:51:29.794Z","73","5175","7106"
"37.25.127.85","elite","AS31272","UA","WildPark Co","59","WildPark Co","1080","socks4","1287","1","2024-05-23T05:51:25.095Z","59","4218","7111"
"189.91.85.133","elite","AS17222","BR","Mundivox Do Brasil Ltda","203","Mundivox Do Brasil Ltda","31337","socks4","1092","1","2024-05-23T05:51:25.097Z","98","372","380"
"75.119.205.50","elite","AS26347","US","New Dream Network, LLC","144","New Dream Network, LLC","51833","socks5","2003","1","2024-05-23T05:51:24.005Z","62","4367","6995"
"5.9.144.19","elite","AS24940","DE","Hetzner Online GmbH","90","Hetzner","24940","socks5","2506","1","2024-05-23T05:51:23.689Z","86","6064","7070"
"38.41.53.149","elite","AS208972","TR","Gibirnet Iletisim Hizmetleri Sanayi VE Ticaret Limited Sirketi","84","Gibirnet Iletisim Hizmetleri Sanayi VE Ticaret Limited Sirketi","5678","socks4","2699","1","2024-05-23T05:51:22.506Z","98","193","196"
"95.140.126.82","elite","AS9125","RS","Drustvo za telekomunikacije Orion telekom doo Beograd-Zemun","82","Milsped","1080","socks4","2301","2","2024-05-23T05:51:22.592Z","100","7173","7204"
"200.111.249.195","transparent","AS27651","CL","Entel Chile S.A.","227","Entel Chile S.A","999","http","3097","23082","2024-05-23T05:51:22.904Z","100","5","5"
"189.201.191.67","elite","AS28438","MX","IP Matrix, S.A. de C.V.","137","IP Matrix, S.A. de C.V","4145","socks4","2898","1","2024-05-23T05:51:22.505Z","99","7073","7142"
"103.114.52.130","transparent","AS137349","ID","Proxy-registered","347","N/A","8080","http","3097","20000","2024-05-23T05:51:19.404Z","57","8","14"
"129.205.244.158","elite","AS37678","BW","BOTSWANA FIBRE NETWORKS (Proprietary) Limited","187","BOTSWANA FIBRE NETWORKS (Proprietary) Limited","1080","socks4","3495","1","2024-05-23T05:51:19.399Z","99","379","382"
"45.4.201.99","transparent","AS263238","EC","Eliana Vanessa Morocho Oña","162","Eliana Vanessa Morocho Oña","999","http","4595","22094","2024-05-23T05:51:18.096Z","100","5","5"
"202.159.35.25","elite","AS9340","ID","PT IndoInternet","400","N/A","443","socks4","3405","1","2024-05-23T05:51:18.689Z","98","7002","7140"
"14.34.137.10","elite","AS4766","KR","Korea Telecom","280","Kornet","3128","socks4","4391","1","2024-05-23T05:51:17.294Z","100","7076","7096"
"91.106.90.134","elite","AS56503","IR","PJSC \"Badr Rayan Jonoob\"","109","Kimianet Bandar","4145","socks4","3989","3","2024-05-23T05:51:16.392Z","96","6801","7082"
"64.202.185.19","elite","AS398101","US","GoDaddy.com, LLC","137","GoDaddy.com, LLC","1822","socks4","3992","1","2024-05-23T05:51:15.991Z","47","83","176"
"185.39.71.197","elite","AS62332","ES","Telplay","118","Telplay SL","46610","socks4","71","1","2024-05-23T05:51:12.791Z","82","5823","7069"
"71.227.88.166","elite","AS33668","US","Comcast Cable Communications, LLC","192","Comcast Cable Communications, Inc.","16913","socks4","2398","3","2024-05-23T05:51:07.094Z","76","5500","7200"
"103.212.93.254","elite","AS138312","IN","Best Telnet Services Private Limited","109","Best telnet services private limited","45639","socks4","3222","1","2024-05-23T05:51:07.799Z","99","6998","7074"
"43.134.230.122","elite","AS132203","SG","Aceville Pte.ltd","246","N/A","443","socks4","1889","84","2024-05-23T05:51:07.801Z","92","6568","7130"
"207.244.255.174","elite","N/A","US","Nubes, LLC","105","N/A","58971","socks5","3195","2","2024-05-23T05:51:06.894Z","98","408","416"
"222.65.197.192","elite","AS4812","CN","CHINANET-SH","183","N/A","4812","socks4","3202","1","2024-05-23T05:51:05.699Z","10","680","7071"
"103.228.246.30","elite","AS59282","ID","PT Giga Patra Multimedia","338","GPM","5678","socks4","3798","2","2024-05-23T05:51:05.701Z","98","6951","7113"
"203.24.109.130","elite","AS209242","BZ","Cloudflare London, LLC","2","Umpire Associates LTD","80","socks5","3885","2","2024-05-23T05:51:03.906Z","100","7072","7072"
"103.47.93.196","elite","AS134058","IN","Broban Internet Services Pvt.ltd","146","Broban  PVT Ltd.","1080","socks4","2091","1","2024-05-23T05:50:59.708Z","99","7187","7250"
"51.81.89.146","elite","AS16276","US","OVH SAS","81","OVH US LLC","50605","socks5","72","2","2024-05-23T05:50:59.800Z","96","6826","7105"
"185.32.4.110","elite","AS60645","PL","AS Consulting Sp. z o. o.","43","Core Network Fiber","4153","socks4","3016","1","2024-05-23T05:50:53.688Z","98","409","416"
"185.143.234.28","elite","AS205585","IR","Noyan Abr Arvan Co. ( Private Joint Stock)","13","Anycast","8080","socks4","66","1","2024-05-23T05:50:53.603Z","98","6749","6906"
"202.40.179.18","elite","AS23991","BD","Ranks ITT","298","Ranks ITT Ltd.","4145","socks4","1784","3","2024-05-23T05:50:53.698Z","86","318","369"
"77.89.196.202","elite","AS25454","MD","Orange Moldova Network","83","N/A","4153","socks4","71","2","2024-05-23T05:50:53.692Z","100","7112","7141"
"159.89.138.130","elite","AS14061","US","DigitalOcean, LLC","187","Digital Ocean","80","socks4","3695","1","2024-05-23T05:50:53.694Z","100","7013","7020"
"46.231.72.35","elite","AS34093","CZ","NWT","30","N/A","5678","socks4","1106","86","2024-05-23T05:50:53.697Z","97","395","408"
"172.104.67.157","elite","AS63949","JP","Akamai Technologies","265","Linode","9050","socks5","70","2","2024-05-23T05:50:50.094Z","93","6525","7024"
"211.137.33.22","elite","AS56044","CN","China Mobile communications corporation","392","China Mobile Communications Corporation","80","socks5","71","4","2024-05-23T05:50:50.096Z","90","6408","7088"
"103.79.96.217","elite","AS64308","ID","PT IndoDev Niaga Internet","333","PT IndoDev Niaga Internet","4153","socks4","2389","1","2024-05-23T05:50:49.793Z","99","7014","7077"
"51.159.105.70","elite","AS12876","FR","SCALEWAY","1","ONLINE","8080","socks5","75","2","2024-05-23T05:50:49.798Z","100","7132","7133"
"103.66.233.141","elite","AS134014","IN","NET 4 U SERVICES","166","N/A","4145","socks4","4587","1","2024-05-23T05:50:49.802Z","85","5971","7056"
"178.128.49.205","elite","AS14061","SG","DigitalOcean, LLC","297","Digitalocean","80","socks4","72","78","2024-05-23T05:50:49.795Z","100","7041","7073"
"81.150.169.217","elite","AS2856","GB","BT Public Internet Service","82","N/A","5678","socks4","2913","1","2024-05-23T05:50:49.801Z","100","7114","7130"
"132.226.7.23","elite","AS31898","JP","Oracle Corporation","234","Oracle Cloud Infrastructure (ap-tokyo-1)","30277","socks4","2605","1","2024-05-23T05:50:49.796Z","30","2157","7158"
"27.147.221.140","elite","AS23688","BD","Link3 Technologies Limited","282","Retail Subscriber","5678","socks4","2199","1","2024-05-23T05:50:49.707Z","74","56","76"
"195.138.73.54","elite","N/A","UA","TeNeT Networking Centre","51","N/A","31145","socks4","1111","2","2024-05-23T05:50:45.091Z","82","45","55"
"177.184.72.22","elite","AS52898","BR","Multipla Serviços Inteligentes","187","Multipla Serviços Inteligentes","4145","socks5","69","2","2024-05-23T05:50:45.089Z","99","7028","7105"
"173.212.206.86","elite","AS51167","DE","Contabo GmbH","82","Contabo GmbH","55405","socks5","71","1","2024-05-23T05:50:45.492Z","100","6964","6971"
"168.205.217.140","elite","AS264869","BR","SPEED MAX TELECOMUNICAÇÕES LTDA ME","283","SPEED MAX TELECOMUNICAÇÕES LTDA ME","4145","socks4","4691","1","2024-05-23T05:50:45.396Z","85","6106","7151"
"154.127.240.117","elite","AS36907","AO","HMB-FTTH","190","TVCabo Angola, Lda","64001","http","461","12098","2024-05-23T05:50:45.000Z","74","104","141"
"103.82.8.197","elite","AS136156","BD","FNF Online","188","N/A","4153","socks4","4703","2","2024-05-23T05:50:39.405Z","98","382","388"
"172.67.254.127","elite","AS13335","CA","Cloudflare, Inc.","2","Cloudflare, Inc.","80","socks4","4900","4","2024-05-23T05:50:39.409Z","100","7019","7021"
"38.242.240.167","elite","AS51167","DE","Contabo GmbH","16","Contabo GmbH","14871","socks4","491","2","2024-05-23T05:50:39.411Z","100","26","26"
"139.180.146.114","elite","AS20473","SG","SGP VULTR","308","N/A","34959","socks4","73","82","2024-05-23T05:50:39.410Z","81","5745","7051"
"124.198.26.247","elite","AS4766","KR","Korea Telecom","266","Haionnet","12266","socks4","3600","2","2024-05-23T05:50:39.406Z","66","153","232"
"66.135.227.178","elite","N/A","US","SystemMetrics Corporation","273","N/A","4145","socks5","887","2","2024-05-23T05:50:39.402Z","100","414","416"
"148.72.210.123","elite","AS26496","SG","GoDaddy.com, LLC","292","GoDaddy.com, LLC","13630","socks4","906","1","2024-05-23T05:50:39.401Z","98","392","400"
"80.200.67.156","elite","AS5432","BE","Proximus","17","Belgacom SA","15747","socks4","69","82","2024-05-23T05:50:39.404Z","94","6667","7072"
"69.75.122.146","elite","AS20001","US","Spectrum","147","Days INN Ontario","39593","socks4","453","2","2024-05-23T05:50:39.403Z","97","397","408"
"104.19.235.10","elite","AS13335","CA","Cloudflare, Inc.","3","Cloudflare, Inc.","80","socks5","66","1","2024-05-23T05:50:32.410Z","100","7079","7079"
"104.25.115.125","elite","AS13335","CA","Cloudflare, Inc.","81","Cloudflare, Inc.","80","socks4","4089","7","2024-05-23T05:50:32.409Z","100","7124","7127"
"103.79.96.166","elite","AS64308","ID","PT IndoDev Niaga Internet","340","PT IndoDev Niaga Internet","4153","socks4","4705","1","2024-05-23T05:50:32.397Z","99","7005","7041"
"51.159.188.105","elite","AS12876","FR","SCALEWAY","77","ONLINE","10181","socks4","992","1","2024-05-23T05:50:32.422Z","97","60","62"
"47.74.18.0","elite","AS45102","JP","Alibaba Cloud LLC","285","ALICLOUD-JP","38080","socks5","1989","1","2024-05-23T05:50:32.407Z","69","4927","7125"
"177.125.161.223","elite","AS262346","BR","FP Telecomunicacoes Ltda","242","FP Telecomunicacoes Ltda","4145","socks4","3510","1","2024-05-23T05:50:27.307Z","77","5470","7068"
"67.168.245.6","elite","AS33490","US","Comcast Cable Communications, LLC","158","Comcast Cable Communications, IP Services","48331","socks4","74","1","2024-05-23T05:50:27.299Z","96","6821","7073"
"104.255.170.68","elite","AS397373","US","H4Y Technologies LLC","148","N/A","50109","socks5","71","1","2024-05-23T05:50:27.301Z","100","7086","7092"
"23.236.197.171","elite","AS55286","US","B2 Net Solutions Inc.","100","B2 Net Solutions Inc","3128","socks4","326","1","2024-05-23T05:50:27.298Z","100","54","54"
"194.31.64.39","elite","AS212598","TR","SFCTEK Bilisim Yazilim ve Telekomunikasyon Hiz. San. ve Tic. LTD. STI.","50","SFCTEK Bilisim Yazilim ve Telekomunikasyon Hiz. San. ve Tic. LTD. STI","6019","socks4","71","59","2024-05-23T05:50:27.306Z","95","6825","7164"
"38.127.172.35","elite","AS174","US","Cogent Communications","89","Torlandia Trading SRL","11537","socks4","849","1","2024-05-23T05:50:27.303Z","100","6947","6961"
"209.222.97.30","elite","AS23470","US","ReliableSite.Net LLC","186","ReliableSite.Net LLC","48129","socks4","471","1","2024-05-23T05:50:26.806Z","99","401","407"
"103.10.99.110","elite","AS18103","ID","Neuviz","343","N/A","5678","socks4","709","1","2024-05-23T05:50:26.891Z","97","365","376"
"192.3.158.51","elite","AS36352","US","HostPapa","111","RackNerd LLC","1080","socks4","2389","2","2024-05-23T05:50:26.902Z","58","4056","7041"
"185.198.181.140","elite","AS201105","ES","Wifi Intersur S.L.","95","Intersur Movil S.L","5678","socks4","69","4","2024-05-23T05:50:26.898Z","39","2739","7011"
"8.210.206.107","elite","AS45102","HK","Alibaba (US) Technology Co., Ltd.","300","Alibaba.com Singapore E-Commerce Private Limited","59394","socks4","5189","2","2024-05-23T05:50:26.895Z","90","6353","7068"
"184.170.249.65","elite","AS46562","US","Performive LLC","189","Performive LLC","4145","socks4","485","1","2024-05-23T05:50:26.906Z","100","233","234"
"34.102.179.21","elite","AS396982","US","Google LLC","2","Google Cloud","80","socks4","1597","1","2024-05-23T05:50:26.990Z","100","6969","6969"
"146.59.243.35","elite","AS16276","FR","OVH SAS","8","OVH","27445","socks4","70","1","2024-05-23T05:50:18.607Z","89","6304","7059"
"103.116.202.241","elite","AS58495","ID","PT Parsaoran Global Datatrans","366","PT DUTA VISUAL NUSANTARA TIVI TUJUH","5678","socks4","2490","1","2024-05-23T05:50:18.603Z","37","2647","7146"
"172.105.251.72","elite","AS63949","DE","Akamai Technologies","11","Linode","4003","socks4","5205","1","2024-05-23T05:50:18.599Z","99","6984","7030"
"177.66.195.117","elite","AS262503","BR","Wiki Telecomunicacoes Eireli","273","Maranhão Telecom ltda ME","4145","socks4","924","10","2024-05-23T05:50:18.401Z","100","57","57"
"115.75.5.17","elite","AS7552","VN","VIETELxdsl","393","xDSL Services","38351","socks4","73","22","2024-05-23T05:50:18.304Z","97","6844","7091"
"185.5.246.222","elite","AS15605","IT","Connesi s.p.a.","38","Cristaltec SPA","4153","socks5","76","18","2024-05-23T05:50:07.214Z","99","6972","7021"
"88.12.54.146","elite","AS3352","ES","Telefonica de Espana SAU","36","RIMA (Red IP Multi Acceso)","1081","socks4","1567","67","2024-05-23T05:50:07.212Z","96","6904","7187"
"103.47.93.113","elite","AS134058","IN","Broban Internet Services Pvt.ltd","197","Broban  PVT Ltd.","1080","socks4","3688","1","2024-05-23T05:50:06.696Z","99","7095","7149"
"65.20.99.23","elite","AS20473","ES","The Constant Company","19","Vultr Holdings, LLC","20473","socks4","71","1","2024-05-23T05:50:06.690Z","51","3602","7110"
"31.163.192.152","elite","AS12389","RU","OJSC Rostelecom","90","Dynamic distribution IPs for broadband services","4153","socks4","4507","1","2024-05-23T05:50:06.627Z","99","414","420"
"182.16.175.171","elite","AS17995","ID","SOLUSINET","338","N/A","5678","socks4","3003","2","2024-05-23T05:50:06.603Z","95","194","205"
"109.224.22.36","elite","AS203214","IQ","EarthLink Telecommunications-Subscribers","89","EarthLink Ltd. Communications&","51372","socks4","3099","1","2024-05-23T05:50:06.595Z","98","201","206"
"159.75.84.25","elite","AS45090","CN","Shenzhen Tencent Computer Systems Company Limited","202","Tencent Cloud Computing (Beijing) Co., Ltd","9091","socks5","72","1","2024-05-23T05:50:06.625Z","12","845","7107"
"182.16.171.65","elite","AS17995","ID","PT iForte Global Internet","335","N/A","51459","socks4","193","1","2024-05-23T05:50:06.622Z","93","382","409"
"131.0.246.113","elite","N/A","BR","supercore tecnologia e informatica eirelli","192","N/A","4153","socks4","1215","2","2024-05-23T05:49:58.295Z","100","410","411"
"117.94.221.78","elite","AS4134","CN","Chinanet","286","Chinanet JS","1080","socks5","69","1","2024-05-23T05:49:58.290Z","75","5288","7070"
"103.47.93.245","elite","AS134058","IN","Broban Internet Services Pvt.ltd","197","Broban  PVT Ltd.","1080","socks4","1627","2","2024-05-23T05:49:58.396Z","99","7074","7138"
"45.235.148.5","elite","AS268202","BR","F R BRAGA INFORMATICA ME","202","F R BRAGA INFORMATICA ME","3629","socks4","1277","1","2024-05-23T05:49:58.599Z","99","7108","7161"
"106.15.193.237","elite","AS37963","CN","Hangzhou Alibaba Advertising Co","205","Aliyun Computing Co., LTD","8088","socks4","70","2","2024-05-23T05:49:58.293Z","84","5988","7089"
"47.242.34.83","elite","AS45102","HK","Alibaba.com LLC","308","Hong Kong","443","socks4","4987","1","2024-05-23T05:49:58.398Z","99","6993","7043"
"103.137.108.86","elite","AS138023","BD","Creation Online","177","Creation Online","5678","socks5","2007","1","2024-05-23T05:49:51.401Z","89","6318","7092"
"188.114.99.37","elite","AS13335","US","Cloudflare, Inc.","2","CloudFlare, Inc.","80","socks4","3694","2","2024-05-23T05:49:51.011Z","100","7028","7032"
"14.115.106.116","elite","AS4134","CN","Chinanet","204","Chinanet GD","3629","socks4","71","1","2024-05-23T05:49:51.104Z","57","4020","7064"
"43.153.81.208","elite","AS132203","US","Shenzhen Tencent Computer Systems Company Limited","192","Tencent Cloud Computing","443","socks5","5115","1","2024-05-23T05:49:51.107Z","84","5964","7067"
"193.70.113.238","elite","AS16276","FR","OVH SAS","8","OVH","18545","socks5","72","2","2024-05-23T05:49:51.411Z","100","7110","7110"
"103.211.8.189","elite","AS135691","IN","Cloudlasers Broadband","154","N/A","44581","socks4","558","1","2024-05-23T05:49:51.413Z","99","7113","7164"